<beans xmlns="http://www.springframework.org/schema/beans"
	xmlns:xsi="http://www.w3.org/2001/XMLSchema-instance" xmlns:p="http://www.springframework.org/schema/p"
	xmlns:aop="http://www.springframework.org/schema/aop" xmlns:context="http://www.springframework.org/schema/context"
	xmlns:jee="http://www.springframework.org/schema/jee" xmlns:tx="http://www.springframework.org/schema/tx"
	xmlns:task="http://www.springframework.org/schema/task"
	xsi:schemaLocation="http://www.springframework.org/schema/aop http://www.springframework.org/schema/aop/spring-aop-3.2.xsd http://www.springframework.org/schema/beans http://www.springframework.org/schema/beans/spring-beans-3.2.xsd http://www.springframework.org/schema/context http://www.springframework.org/schema/context/spring-context-3.2.xsd http://www.springframework.org/schema/jee http://www.springframework.org/schema/jee/spring-jee-3.2.xsd http://www.springframework.org/schema/tx http://www.springframework.org/schema/tx/spring-tx-3.2.xsd http://www.springframework.org/schema/task http://www.springframework.org/schema/task/spring-task-3.2.xsd">

  <context:component-scan base-package="com.ugurcanlacin.simple.*" />
    
  <tx:annotation-driven/>
  
 <bean id="dataSource" class="org.apache.commons.dbcp.BasicDataSource" destroy-method="close">
    <property name="driverClassName" value="com.mysql.jdbc.Driver" />
    <property name="url" value="jdbc:mysql://localhost:3306/simple" />
    <property name="username" value="" />
    <property name="password" value="" />
  </bean>

  <bean id="sessionFactory" class="org.springframework.orm.hibernate4.LocalSessionFactoryBean">
    <property name="dataSource" ref="dataSource"></property>
     <property name="annotatedClasses">
            <list>
                <value>com.ugurcanlacin.simple.model.User</value>
            </list>
        </property>
    <property name="hibernateProperties">
      <props>
        <prop 
         key="hibernate.dialect">org.hibernate.dialect.MySQL5Dialect</prop>
        <prop key="hibernate.show_sql">true</prop>
      </props>
    </property>
  </bean>
  
  <bean id="transactionManager" class="org.springframework.orm.hibernate4.HibernateTransactionManager" 
    p:sessionFactory-ref="sessionFactory">
  </bean>
</beans>