<!DOCTYPE suite SYSTEM "https://testng.org/testng-1.0.dtd" >
  
<suite name="Seleniumtesting" verbose="1" >
  <test name="Test1" >
  <parameter name="username" value="admin"></parameter>
   <parameter name="Password" value="admin@123"></parameter>
    <parameter name="searchInput" value="Selenium Automation"></parameter>
    <classes>
       <class name="Testing.ParmetersDemo" />
    </classes>
  </test>
  
    <test name="Test2" >
  <parameter name="username" value="employee"></parameter>
   <parameter name="Password" value="emp@123"></parameter>
    <parameter name="searchInput" value="Jmeter Automation"></parameter>
    <classes>
       <class name="Testing.ParameterDemo" />
    </classes>
  </test>
</suite>